Phrase	IPA	SoundsLike	DisplayAs
njimangalu			njimangalu
njinbowani			njinbowani
ango			ango
irarandi			irarandi
dumbudnari			dumbudnari
yaeked			yaeked
mudmanandu			mudmanandu
gajarimade			gajarimade
vnvost			vnvost
organising			organising
bendind			bendind
ynes			ynes
mbaral			mbaral
merenga			merenga
wurumindanilu			wurumindanilu
bunamu			bunamu
kaur			kaur
catiedmit			catiedmit
honepm			honepm
scoopig			scoopig
bigirt			bigirt
asiles			asiles
meden			meden
wodlaptnen			wodlaptnen
arter			arter
olsecu			olsecu
admitted			admitted
nunagudiwad			nunagudiwad
alne			alne
anumanjiri			anumanjiri
sepeste			sepeste
tricky			tricky
juet			juet
squirrel			squirrel
srere			srere
punted			punted
jieu			jieu
finishee			finishee
njarodere			njarodere
wail			wail
modesty			modesty
onto			onto
cvayh			cvayh
htha			htha
cent			cent
routho			routho
frefr			frefr
efet			efet
madameraset			madameraset
anzia			anzia
yarinjin			yarinjin
narguwa			narguwa
ininaranari			ininaranari
mma			mma
namaiali			namaiali
thspee			thspee
menmd			menmd
aaveed			aaveed
frbtruef			frbtruef
iso			iso
wifewmine			wifewmine
weni			weni
brtig			brtig
iorgpy			iorgpy
kinsman			kinsman
usen			usen
skinny			skinny
bnnamar			bnnamar
enter			enter
teps			teps
bubbles			bubbles
aranaju			aranaju
fraised			fraised
slen			slen
barf			barf
mamirsima			mamirsima
mroegh			mroegh
whic			whic
namija			namija
es			es
ungaran			ungaran
garijal			garijal
aln			aln
lma			lma
theplece			theplece
gadarond			gadarond
closely			closely
rthu			rthu
unworthy			unworthy
eendeg			eendeg
majagari			majagari
gadjir			gadjir
gogudjad			gogudjad
thiefewtow			thiefewtow
nija			nija
amandu			amandu
subj			subj
lewara			lewara
stmmggled			stmmggled
hihl			hihl
seain			seain
ilanadjba			ilanadjba
wami			wami
andunalunaragari			andunalunaragari
cbret			cbret
loceaect			loceaect
squelch			squelch
maranga			maranga
odert			odert
duty			duty
remsro			remsro
wordwhen			wordwhen
mlumes			mlumes
wololu			wololu
realise			realise
handed			handed
anguruwi			anguruwi
hjodanda			hjodanda
thenspeared			thenspeared
eereoue			eereoue
aara			aara
mhat			mhat
emenge			emenge
tramped			tramped
unambal			unambal
thereremainedhe			thereremainedhe
pictured			pictured
xao			xao
mininenrari			mininenrari
barks			barks
thse			thse
coretin			coretin
atyurmbmmo			atyurmbmmo
clea			clea
mono			mono
skewer			skewer
lread			lread
yonn			yonn
birwa			birwa
taecumulas			taecumulas
heair			heair
bhaa			bhaa
mumnaly			mumnaly
evidently			evidently
listeni			listeni
journed			journed
wereechase			wereechase
differemeere			differemeere
extinguish			extinguish
oactrce			oactrce
behaviour			behaviour
sons			sons
galtau			galtau
eagkre			eagkre
suit			suit
njimarerinia			njimarerinia
arawari			arawari
gedjug			gedjug
fwkich			fwkich
translating			translating
flaker			flaker
skimode			skimode
behalfof			behalfof
wale			wale
ridj			ridj
njininenanga			njininenanga
manivwisla			manivwisla
ieplepprhee			ieplepprhee
wunganarugu			wunganarugu
covers			covers
adulterous			adulterous
baja			baja
rririirge			rririirge
syenr			syenr
pemain			pemain
crret			crret
current			current
humming			humming
sinig			sinig
hidden			hidden
awandenda			awandenda
ngalo			ngalo
rhrase			rhrase
translate			translate
fadja			fadja
asaeaic			asaeaic
angeri			angeri
sepmideg			sepmideg
recovded			recovded
coal			coal
gunjinangova			gunjinangova
stevens			stevens
weeing			weeing
bogging			bogging
watermarked			watermarked
ioji			ioji
irumarerinja			irumarerinja
uninitiated			uninitiated
shifting			shifting
uumu			uumu
wudjilani			wudjilani
banjaralu			banjaralu
grabbed			grabbed
dullba			dullba
albudmaro			albudmaro
wadmuna			wadmuna
zip			zip
wloneoaus			wloneoaus
obviously			obviously
freelin			freelin
heolan			heolan
mindial			mindial
described			described
growing			growing
gutfunq			gutfunq
burerananinari			burerananinari
chatters			chatters
thereand			thereand
hare			hare
gowe			gowe
attaklemnt			attaklemnt
dirpnipn			dirpnipn
peking			peking
angry			angry
gamai			gamai
suyu			suyu
iridjena			iridjena
ilic			ilic
mntinpimnng			mntinpimnng
etem			etem
wijojiri			wijojiri
eemeinto			eemeinto
phrdo			phrdo
gugu			gugu
laggumyan			laggumyan
helas			helas
bidinarugu			bidinarugu
eyimbininga			eyimbininga
jurinjin			jurinjin
eaks			eaks
fixed			fixed
paun			paun
inside			inside
rood			rood
mamnwa			mamnwa
heto			heto
anuiad			anuiad
enthesideroniyy			enthesideroniyy
niadji			niadji
cyclone			cyclone
wenda			wenda
amannale			amannale
guna			guna
featherso			featherso
stoodt			stoodt
nindjiri			nindjiri
fiish			fiish
lme			lme
burgalu			burgalu
meats			meats
njunumananurugu			njunumananurugu
informant			informant
concerned			concerned
confess			confess
himthen			himthen
burru			burru
icill			icill
gamandanari			gamandanari
arumara			arumara
bandjug			bandjug
beda			beda
qualify			qualify
posses			posses
itthe			itthe
ado			ado
breveelea			breveelea
wudmoraj			wudmoraj
manduwul			manduwul
lumngrin			lumngrin
ngaw			ngaw
cinmhsl			cinmhsl
oprut			oprut
displayed			displayed
tsgoing			tsgoing
amonst			amonst
nuju			nuju
atiladmen			atiladmen
swiftly			swiftly
tefnang			tefnang
example			example
puendig			puendig
owi			owi
nadumulumulon			nadumulumulon
badnangendju			badnangendju
memp			memp
voum			voum
irgreriwolu			irgreriwolu
fe			fe
rctning			rctning
rqudmamawininanga			rqudmamawininanga
ahrg			ahrg
bun			bun
irumura			irumura
windjangun			windjangun
pudme			pudme
umana			umana
emain			emain
janganari			janganari
smells			smells
reads			reads
ertro			ertro
djumudu			djumudu
kthem			kthem
gunuminga			gunuminga
ftense			ftense
invoice			invoice
tells			tells
byith			byith
dni			dni
bnxngadngo			bnxngadngo
dive			dive
wainted			wainted
dwwned			dwwned
furrowed			furrowed
iryli			iryli
brining			brining
ghall			ghall
gajanbowa			gajanbowa
garawari			garawari
isxx			isxx
boj			boj
uwanimbal			uwanimbal
burgumeri			burgumeri
lanky			lanky
maiangiari			maiangiari
djuwi			djuwi
fpllow			fpllow
yulan			yulan
ttechpeupnq			ttechpeupnq
bulumba			bulumba
oh			oh
heepid			heepid
daljadmaro			daljadmaro
biriwani			biriwani
sarelin			sarelin
narijananala			narijananala
dijan			dijan
police			police
werura			werura
difficulties			difficulties
mehehagneuy			mehehagneuy
gejila			gejila
wulme			wulme
instrueted			instrueted
leading			leading
uti			uti
tere			tere
finchites			finchites
lic			lic
djirimu			djirimu
invited			invited
pee			pee
andf			andf
brill			brill
hisbands			hisbands
utpner			utpner
ama			ama
clearing			clearing
amarenari			amarenari
plau			plau
balug			balug
djingun			djingun
galarunarita			galarunarita
bandandugule			bandandugule
jerijerijeri			jerijerijeri
eseuo			eseuo
bidinjalu			bidinjalu
nominalizes			nominalizes
ftenoullpeaer			ftenoullpeaer
mebininari			mebininari
hut			hut
joraralija			joraralija
ited			ited
gu			gu
boards			boards
ethat			ethat
individual			individual
sounna			sounna
wudmanjirinari			wudmanjirinari
ramarona			ramarona
around			around
almost			almost
tiy			tiy
worms			worms
itesone			itesone
wastaken			wastaken
goamna			goamna
buram			buram
ribs			ribs
ndiedube			ndiedube
birwangan			birwangan
kee			kee
quickly			quickly
pniny			pniny
najandali			najandali
birijalu			birijalu
siperiet			siperiet
tiil			tiil
comir			comir
qilira			qilira
balin			balin
anitthes			anitthes
uyntihg			uyntihg
nysdanda			nysdanda
bullroarer			bullroarer
mungurumara			mungurumara
ouifu			ouifu
marking			marking
stne			stne
cooiii			cooiii
barad			barad
inclusive			inclusive
onlys			onlys
irinara			irinara
aepk			aepk
dhrhe			dhrhe
yore			yore
eyou			eyou
wohin			wohin
himselr			himselr
scene			scene
imara			imara
upset			upset
burgumejiri			burgumejiri
azgu			azgu
mudanilu			mudanilu
lall			lall
efnu			efnu
sranchin			sranchin
thensolves			thensolves
wasvery			wasvery
burgulinga			burgulinga
banjidjoni			banjidjoni
gad			gad
camne			camne
maldjine			maldjine
anedna			anedna
perform			perform
stalking			stalking
ehallremain			ehallremain
gundaj			gundaj
djinmaro			djinmaro
itho			itho
narumbu			narumbu
instances			instances
wunggarindju			wunggarindju
mbvella			mbvella
wurumangaajali			wurumangaajali
buwaneri			buwaneri
comtrg			comtrg
revealing			revealing
najadaderi			najadaderi
imiust			imiust
mwo			mwo
bijun			bijun
jast			jast
idnalunnari			idnalunnari
dai			dai
epen			epen
arumuna			arumuna
thdui			thdui
oeid			oeid
grevillea			grevillea
undjuwinsite			undjuwinsite
hege			hege
diid			diid
babalin			babalin
iriwonina			iriwonina
tguite			tguite
cerezonial			cerezonial
ahina			ahina
yovor			yovor
atng			atng
adbimabicro			adbimabicro
aint			aint
niiangan			niiangan
ric			ric
narenelu			narenelu
pemlmg			pemlmg
mintest			mintest
ganbud			ganbud
widjaga			widjaga
shadel			shadel
turtley			turtley
jungun			jungun
djalbag			djalbag
nijamannale			nijamannale
refering			refering
jobbbun			jobbbun
debrit			debrit
epeuternm			epeuternm
khemm			khemm
benana			benana
woudd			woudd
vedi			vedi
passed			passed
bijari			bijari
cervix			cervix
aeba			aeba
nalanad			nalanad
njunjul			njunjul
idwedj			idwedj
thehegot			thehegot
create			create
lhete			lhete
lompmoo			lompmoo
meal			meal
woolih			woolih
marinjin			marinjin
efuuestemttq			efuuestemttq
fpiq			fpiq
seapes			seapes
rarty			rarty
aei			aei
galedj			galedj
drece			drece
nandunananalamara			nandunananalamara
shill			shill
wus			wus
xaxo			xaxo
bijanari			bijanari
niele			niele
buinn			buinn
themwodoj			themwodoj
djirdjii			djirdjii
buttods			buttods
feadovei			feadovei
croched			croched
gaar			gaar
thesss			thesss
dalidj			dalidj
pioneers			pioneers
uiossthurguniue			uiossthurguniue
wununadjaje			wununadjaje
narsaman			narsaman
wandjaguna			wandjaguna
camps			camps
adnaud			adnaud
pport			pport
namnen			namnen
wuradj			wuradj
liriwundun			liriwundun
rtornuh			rtornuh
lmmes			lmmes
bandubiri			bandubiri
pecker			pecker
biina			biina
sert			sert
barareri			barareri
tail			tail
notedin			notedin
urethra			urethra
alons			alons
write			write
synott			synott
onebunburt			onebunburt
ohim			ohim
arumunda			arumunda
angumunda			angumunda
format			format
seetion			seetion
najenja			najenja
nimn			nimn
arin			arin
waqulu			waqulu
djaran			djaran
njariwo			njariwo
uotustlyo			uotustlyo
njalaliniinn			njalaliniinn
aistnel			aistnel
garijali			garijali
wandiwandi			wandiwandi
stige			stige
rub			rub
fledgling			fledgling
mndodi			mndodi
anini			anini
wendani			wendani
whereby			whereby
marogori			marogori
henns			henns
wehlasi			wehlasi
birimaraburadanarina			birimaraburadanarina
willhave			willhave
ondiigari			ondiigari
sicin			sicin
midocean			midocean
yonee			yonee
sinkire			sinkire
mato			mato
amul			amul
bilirn			bilirn
wanadi			wanadi
bealhwa			bealhwa
theyam			theyam
momod			momod
thi			thi
howul			howul
roruy			roruy
anrra			anrra
walangurarari			walangurarari
hangfer			hangfer
jaliba			jaliba
tpsu			tpsu
nadjorengerinari			nadjorengerinari
mpuee			mpuee
adme			adme
ries			ries
birinji			birinji
circlet			circlet
dabowa			dabowa
lul			lul
panicired			panicired
wiir			wiir
mump			mump
tuna			tuna
axilliary			axilliary
maramarangari			maramarangari
grmareri			grmareri
adjeririra			adjeririra
nulinnulin			nulinnulin
nagglsu			nagglsu
mumumareriwalu			mumumareriwalu
msai			msai
damburanangar			damburanangar
njon			njon
burnulingeri			burnulingeri
djibili			djibili
himiili			himiili
bajiri			bajiri
wremu			wremu
ohr			ohr
wurowunwurowun			wurowunwurowun
sinifying			sinifying
idmananarilunguda			idmananarilunguda
nindjuman			nindjuman
cavelfirst			cavelfirst
yorema			yorema
bunada			bunada
widespread			widespread
njinganaju			njinganaju
namame			namame
wentthen			wentthen
ijo			ijo
nidtiri			nidtiri
throu			throu
wealt			wealt
hollow			hollow
niiadi			niiadi
balarrha			balarrha
arinjin			arinjin
manjiri			manjiri
pebvdw			pebvdw
djugu			djugu
shellwest			shellwest
furrow			furrow
cedp			cedp
sleep			sleep
icothers			icothers
ouij			ouij
mingfgul			mingfgul
afeloupnq			afeloupnq
mumudjbara			mumudjbara
daligana			daligana
burfu			burfu
tool			tool
djimbila			djimbila
hdu			hdu
rua			rua
alarns			alarns
vot			vot
ingad			ingad
bulubiilumbana			bulubiilumbana
tor			tor
guce			guce
senes			senes
reing			reing
djidgenga			djidgenga
hypocticdally			hypocticdally
idbo			idbo
blekes			blekes
bunawel			bunawel
ayeneru			ayeneru
frogmouth			frogmouth
tetrepenq			tetrepenq
inwashtting			inwashtting
strap			strap
anumana			anumana
doctor			doctor
animalcrawling			animalcrawling
budmenjargu			budmenjargu
njimananja			njimananja
arounel			arounel
wudanbe			wudanbe
malgamalga			malgamalga
naroda			naroda
wunumanajali			wunumanajali
buralangun			buralangun
luwal			luwal
amindnil			amindnil
ollern			ollern
voe			voe
miliniigow			miliniigow
hexweexkexiis			hexweexkexiis
anrroaesiis			anrroaesiis
arrler			arrler
sojourn			sojourn
umaa			umaa
omany			omany
bandanunda			bandanunda
irigamandaniri			irigamandaniri
tefetem			tefetem
liz			liz
wothoptyd			wothoptyd
madjeriri			madjeriri
amindji			amindji
aoitoj			aoitoj
kug			kug
iloj			iloj
mungalu			mungalu
ihrhed			ihrhed
forathem			forathem
mesy			mesy
inticate			inticate
preefed			preefed
kiouind			kiouind
uidardid			uidardid
iomoi			iomoi
ninringo			ninringo
mayuy			mayuy
bigu			bigu
bururubiri			bururubiri
mhu			mhu
ixxxctuxbxna			ixxxctuxbxna
pinch			pinch
rangga			rangga
amaranjaruru			amaranjaruru
alongwater			alongwater
occasionally			occasionally
iavo			iavo
tino			tino
bijarari			bijarari
miriwondridi			miriwondridi
furnace			furnace
djilwaj			djilwaj
dedmypal			dedmypal
liftod			liftod
dacelo			dacelo
malniri			malniri
prade			prade
emg			emg
soles			soles
nanih			nanih
djovuloja			djovuloja
concerning			concerning
njinjirinduna			njinjirinduna
bkatr			bkatr
njindinari			njindinari
rwirs			rwirs
gurima			gurima
gadjengrari			gadjengrari
gong			gong
laou			laou
birimaralu			birimaralu
iimnrn			iimnrn
rind			rind
iusre			iusre
rmmrive			rmmrive
indicating			indicating
khee			khee
bueh			bueh
gandanangga			gandanangga
owniea			owniea
leuyam			leuyam
borklipem			borklipem
angjera			angjera
esor			esor
besan			besan
unsfngp			unsfngp
aficte			aficte
ucquin			ucquin
dioimenu			dioimenu
windjanun			windjanun
potr			potr
gently			gently
njamanurad			njamanurad
aabiguity			aabiguity
therar			therar
dyim			dyim
lyams			lyams
stmbling			stmbling
gadburendjir			gadburendjir
thoro			thoro
ehimananswer			ehimananswer
njindja			njindja
feg			feg
tiergr			tiergr
heir			heir
nnga			nnga
burajwa			burajwa
peoouo			peoouo
diga			diga
windu			windu
teftoupq			teftoupq
woraridi			woraridi
hiself			hiself
wunumanban			wunumanban
nindonilunari			nindonilunari
han			han
rsin			rsin
anbiremirani			anbiremirani
enjil			enjil
irinanara			irinanara
njanjal			njanjal
anduruman			anduruman
helplessness			helplessness
shiik			shiik
anjidinan			anjidinan
saake			saake
awanbannari			awanbannari
creature			creature
ofes			ofes
burgumerinari			burgumerinari
ufoung			ufoung
teffu			teffu
ilawej			ilawej
ascumulas			ascumulas
therehis			therehis
ninao			ninao
hind			hind
wanmiri			wanmiri
ofpoq			ofpoq
elangananga			elangananga
gulinidjiri			gulinidjiri
qwsen			qwsen
penteun			penteun
njeinm			njeinm
cirenmcision			cirenmcision
iinx			iinx
sing			sing
ompo			ompo
circumcise			circumcise
biremenu			biremenu
tonmue			tonmue
namananga			namananga
steu			steu
tosc			tosc
brlonming			brlonming
tuodid			tuodid
blowing			blowing
umarerijali			umarerijali
cattle			cattle
repet			repet
escourt			escourt
niatured			niatured
yulunari			yulunari
krainbow			krainbow
sreared			sreared
anuma			anuma
wper			wper
key			key
orerthatoway			orerthatoway
mez			mez
nemou			nemou
talingi			talingi
neyibe			neyibe
jmaro			jmaro
dinduna			dinduna
shonss			shonss
meoninangn			meoninangn
amaladminiiari			amaladminiiari
discussion			discussion
mumindaneriwalu			mumindaneriwalu
burambambulidi			burambambulidi
itotoii			itotoii
manji			manji
wanjidninari			wanjidninari
anulungu			anulungu
njalnbana			njalnbana
bowtter			bowtter
anganda			anganda
budmoraniari			budmoraniari
eye			eye
bindijo			bindijo
unfp			unfp
babulga			babulga
whirl			whirl
gadjililu			gadjililu
gamburug			gamburug
placewhat			placewhat
tun			tun
barcmol			barcmol
oo			oo
bit			bit
bararabandi			bararabandi
nudjandali			nudjandali
iiti			iiti
njidjoluneri			njidjoluneri
bycrar			bycrar
quarter			quarter
udmara			udmara
iriwanja			iriwanja
bwha			bwha
missing			missing
jstof			jstof
theypaintedhim			theypaintedhim
inlaw			inlaw
ighthing			ighthing
njariwanganalu			njariwanganalu
bundumuna			bundumuna
munguwijiri			munguwijiri
rishthand			rishthand
npup			npup
toteinise			toteinise
sleezinc			sleezinc
aliju			aliju
oufe			oufe
sought			sought
niinon			niinon
sane			sane
saue			saue
malanangagu			malanangagu
bijaduju			bijaduju
laren			laren
trom			trom
peinanes			peinanes
aerowinmn			aerowinmn
lumnemapal			lumnemapal
waidina			waidina
rerrow			rerrow
pepueut			pepueut
drinkwithe			drinkwithe
wanduas			wanduas
litr			litr
whisper			whisper
narivenjalu			narivenjalu
joined			joined
wuruwo			wuruwo
helbaraj			helbaraj
mmatpt			mmatpt
idmindjal			idmindjal
widjin			widjin
bananga			bananga
werethor			werethor
wiremyey			wiremyey
godin			godin
nisth			nisth
anbirijamandanimija			anbirijamandanimija
mandjuna			mandjuna
spoke			spoke
ghat			ghat
biriwininarenga			biriwininarenga
aldji			aldji
postoge			postoge
nudi			nudi
wanjirwininari			wanjirwininari
vari			vari
tloe			tloe
recently			recently
irumanjindu			irumanjindu
bean			bean
softand			softand
birimarerinari			birimarerinari
dowandja			dowandja
dududj			dududj
galagi			galagi
hlast			hlast
wrtted			wrtted
recorder			recorder
fpfe			fpfe
alonghewasputtig			alonghewasputtig
neneku			neneku
wunguru			wunguru
nennala			nennala
cookced			cookced
alongso			alongso
njuwini			njuwini
rstane			rstane
bambarwa			bambarwa
mouldy			mouldy
njinangana			njinangana
supped			supped
waluva			waluva
dilawa			dilawa
wirijal			wirijal
aladjan			aladjan
chedl			chedl
rangaridj			rangaridj
rindninli			rindninli
djowuleia			djowuleia
eoverig			eoverig
ron			ron
hanged			hanged
ssed			ssed
shnaglg			shnaglg
gudaidj			gudaidj
wurwinjirijali			wurwinjirijali
mate			mate
bungana			bungana
punishes			punishes
mianjad			mianjad
njadmarenari			njadmarenari
trqtafet			trqtafet
unkovn			unkovn
caela			caela
akready			akready
iaths			iaths
tutfummtf			tutfummtf
enclosing			enclosing
tender			tender
writ			writ
irwiljani			irwiljani
fpugrex			fpugrex
baranu			baranu
renje			renje
pase			pase
njangerin			njangerin
gubadju			gubadju
ngabun			ngabun
phastantus			phastantus
naduran			naduran
summonses			summonses
rjnid			rjnid
erethen			erethen
sfunp			sfunp
budadmia			budadmia
ntout			ntout
belongd			belongd
bumhiis			bumhiis
djojna			djojna
limerabana			limerabana
indefinite			indefinite
gumanawinda			gumanawinda
tmnba			tmnba
djambar			djambar
awinganari			awinganari
dadjin			dadjin
gadnangara			gadnangara
napior			napior
shuffling			shuffling
hupguhuy			hupguhuy
joho			joho
tides			tides
nllowr			nllowr
mejiri			mejiri
majiga			majiga
wurinina			wurinina
djug			djug
niiniwon			niiniwon
buch			buch
maninga			maninga
cfomceai			cfomceai
dredmo			dredmo
neld			neld
nargn			nargn
alpuc			alpuc
ngalengga			ngalengga
binicara			binicara
handjina			handjina
cliildren			cliildren
neeany			neeany
shouldbe			shouldbe
hurming			hurming
iglana			iglana
tezii			tezii
njaringa			njaringa
dipo			dipo
wulugjar			wulugjar
dueay			dueay
widwid			widwid
oueti			oueti
imina			imina
emofp			emofp
ending			ending
budmeng			budmeng
pers			pers
feupfu			feupfu
wunsarinyir			wunsarinyir
lanarga			lanarga
hreaking			hreaking
yjada			yjada
birix			birix
budmari			budmari
irimanjirinja			irimanjirinja
arunare			arunare
camnta			camnta
magu			magu
henfer			henfer
wandjiroit			wandjiroit
eputp			eputp
wosle			wosle
nteini			nteini
elrw			elrw
henelemiy			henelemiy
grasehopper			grasehopper
nemnan			nemnan
shoulderst			shoulderst
goridju			goridju
scoop			scoop
andrebinidi			andrebinidi
nindiniineri			nindiniineri
mandjandi			mandjandi
prof			prof
umnh			umnh
aninmy			aninmy
rovmn			rovmn
sjkapoc			sjkapoc
flank			flank
wuln			wuln
unfa			unfa
shre			shre
ishen			ishen
marijangu			marijangu
runjeri			runjeri
awanjindu			awanjindu
outward			outward
lawuna			lawuna
differmt			differmt
langumanga			langumanga
lufunu			lufunu
gulagararingendju			gulagararingendju
irijange			irijange
peerindir			peerindir
epl			epl
narguwarina			narguwarina
panion			panion
wunnriniinge			wunnriniinge
ganinja			ganinja
bongan			bongan
nialandjin			nialandjin
ameranga			ameranga
djudu			djudu
einariey			einariey
dootor			dootor
hawa			hawa
ugieu			ugieu
walmidi			walmidi
vanden			vanden
awinnari			awinnari
bandarimalan			bandarimalan
alaeumd			alaeumd
walir			walir
birwin			birwin
pioaox			pioaox
mesil			mesil
nssu			nssu
bidinmin			bidinmin
otm			otm
linloninr			linloninr
hae			hae
nabunna			nabunna
wuruman			wuruman
pandgin			pandgin
jowandjal			jowandjal
inyr			inyr
vidi			vidi
foisoning			foisoning
cotton			cotton
djowulhija			djowulhija
hrolce			hrolce
wolo			wolo
njerinja			njerinja
tanen			tanen
yawing			yawing
gunduwa			gunduwa
vururu			vururu
embraced			embraced
aplece			aplece
leff			leff
uefofu			uefofu
mowaldjali			mowaldjali
idiomatic			idiomatic
beramne			beramne
aob			aob
oby			oby
njimalandoninja			njimalandoninja
fpuupiy			fpuupiy
aledoud			aledoud
onlookers			onlookers
doco			doco
leue			leue
xymara			xymara
ganmengaia			ganmengaia
begged			begged
gulbudug			gulbudug
topt			topt
bajbaj			bajbaj
tum			tum
boab			boab
pleles			pleles
majaramara			majaramara
worshipped			worshipped
srnhod			srnhod
wuns			wuns
reuens			reuens
xjala			xjala
andoninja			andoninja
niindn			niindn
wurunari			wurunari
afutrs			afutrs
nuwanjinga			nuwanjinga
showed			showed
srin			srin
blag			blag
gadjenguru			gadjenguru
litile			litile
musn			musn
buruwowungara			buruwowungara
gudbagudba			gudbagudba
gadug			gadug
liaoes			liaoes
anulunaranja			anulunaranja
bandiri			bandiri
duron			duron
sseoru			sseoru
uinr			uinr
jajaru			jajaru
nalumboi			nalumboi
nangunangu			nangunangu
warbunuwa			warbunuwa
vag			vag
rululi			rululi
signified			signified
steal			steal
wandimi			wandimi
tunu			tunu
gndam			gndam
outline			outline
troublers			troublers
andubunanga			andubunanga
debaranga			debaranga
guluj			guluj
eseul			eseul
lovely			lovely
onc			onc
bingala			bingala
nadaranja			nadaranja
muganance			muganance
marindjun			marindjun
baidj			baidj
iruwa			iruwa
bundarijali			bundarijali
todei			todei
aef			aef
bunumarara			bunumarara
camrbell			camrbell
wanja			wanja
djamonno			djamonno
birijangaderi			birijangaderi
njadmi			njadmi
bladder			bladder
uil			uil
genen			genen
oeagilla			oeagilla
njeiinanjegri			njeiinanjegri
bedirnen			bedirnen
djugulej			djugulej
efeteutq			efeteutq
arose			arose
mmevn			mmevn
budmerira			budmerira
lomne			lomne
sreen			sreen
types			types
btbuem			btbuem
troubling			troubling
everthing			everthing
hue			hue
omindnnilu			omindnnilu
commit			commit
nangande			nangande
wundug			wundug
dreain			dreain
wurwininari			wurwininari
mlinjiga			mlinjiga
njinngari			njinngari
swimins			swimins
incidence			incidence
rariwenanalu			rariwenanalu
mario			mario
njamamanjindi			njamamanjindi
njerenjinjarugu			njerenjinjarugu
rgaxgnie			rgaxgnie
anbiramirani			anbiramirani
olor			olor
wutwwawundjunanari			wutwwawundjunanari
dile			dile
ivani			ivani
mnsa			mnsa
firoxt			firoxt
situation			situation
nial			nial
ferred			ferred
leaded			leaded
misht			misht
margamaro			margamaro
irumenangajali			irumenangajali
liel			liel
asul			asul
mnenir			mnenir
wurug			wurug
amananga			amananga
budmelu			budmelu
ferhi			ferhi
whon			whon
measure			measure
tercfore			tercfore
edupfpes			edupfpes
mowudga			mowudga
andbobhing			andbobhing
wargumera			wargumera
sued			sued
fully			fully
lilina			lilina
najara			najara
wenjiari			wenjiari
capsise			capsise
mejali			mejali
wuananga			wuananga
wunga			wunga
sjeratngar			sjeratngar
nedjore			nedjore
ultoeether			ultoeether
djamdalgari			djamdalgari
umida			umida
ibj			ibj
burene			burene
sark			sark
pars			pars
idjejeijevuni			idjejeijevuni
endumaraman			endumaraman
biriran			biriran
gadjin			gadjin
bresp			bresp
obeyed			obeyed
nibbline			nibbline
mindjelenjeri			mindjelenjeri
calininlu			calininlu
rou			rou
rom			rom
setot			setot
tint			tint
mawu			mawu
turumara			turumara
tefuemrtfu			tefuemrtfu
callher			callher
bieaiwe			bieaiwe
dahe			dahe
waidy			waidy
ptxxe			ptxxe
behalf			behalf
tanyen			tanyen
dnlur			dnlur
irumenaneo			irumenaneo
njananna			njananna
protestrouttfuutminu			protestrouttfuutminu
humianonm			humianonm
oaoup			oaoup
irmanja			irmanja
muroneri			muroneri
iho			iho
derb			derb
alumirimiri			alumirimiri
anjidani			anjidani
omie			omie
finality			finality
placc			placc
cush			cush
galguwajali			galguwajali
thal			thal
nunuwe			nunuwe
burners			burners
asoi			asoi
djagal			djagal
anggaderi			anggaderi
darag			darag
gyes			gyes
wurumareri			wurumareri
shntenm			shntenm
hag			hag
boats			boats
warbur			warbur
dundudna			dundudna
fturkeyfites			fturkeyfites
moitasok			moitasok
wuleri			wuleri
perenent			perenent
djarna			djarna
fellowathey			fellowathey
presnt			presnt
ober			ober
mumindaninja			mumindaninja
ralin			ralin
sap			sap
djariwanganerinja			djariwanganerinja
dred			dred
bidiji			bidiji
vrurumanjinanga			vrurumanjinanga
puen			puen
araran			araran
hau			hau
examined			examined
rumye			rumye
birende			birende
wwhat			wwhat
gudmaneri			gudmaneri
mnead			mnead
djiri			djiri
gubadjunangagu			gubadjunangagu
buradana			buradana
lefrefinang			lefrefinang
rollow			rollow
innars			innars
herethe			herethe
haed			haed
auotdxa			auotdxa
irumananiga			irumananiga
lcapoc			lcapoc
yamiri			yamiri
injerinari			injerinari
amoume			amoume
mnnlii			mnnlii
twostones			twostones
jcalously			jcalously
lcinds			lcinds
muronilu			muronilu
runguni			runguni
didthese			didthese
nain			nain
bannan			bannan
bangle			bangle
wawa			wawa
eutfueupitue			eutfueupitue
pusher			pusher
xxaxex			xxaxex
anganari			anganari
crudmeri			crudmeri
badidj			badidj
uhovla			uhovla
youp			youp
iroin			iroin
cil			cil
djingari			djingari
confusedd			confusedd
golden			golden
gulrunud			gulrunud
bandjumara			bandjumara
aifng			aifng
birijange			birijange
experiences			experiences
galc			galc
bondjewandes			bondjewandes
anthing			anthing
bunarange			bunarange
njina			njina
lghing			lghing
ltomether			ltomether
arwulijori			arwulijori
raty			raty
ouel			ouel
banjojiri			banjojiri
njinganderart			njinganderart
yuirny			yuirny
dictas			dictas
burumenanga			burumenanga
bananamar			bananamar
guled			guled
dina			dina
umarajali			umarajali
beloning			beloning
hianan			hianan
piorce			piorce
manumela			manumela
bidjina			bidjina
farnodenrth			farnodenrth
negto			negto
djindanarana			djindanarana
hilili			hilili
femne			femne
arimindaninja			arimindaninja
meany			meany
high			high
cuiiaremaza			cuiiaremaza
angejiri			angejiri
budmarengenja			budmarengenja
nalo			nalo
njimareri			njimareri
balindad			balindad
waref			waref
butfouls			butfouls
greon			greon
daldjow			daldjow
ipuea			ipuea
sye			sye
temporarily			temporarily
unquinu			unquinu
dinktr			dinktr
minu			minu
mironjinanga			mironjinanga
hrsaved			hrsaved
uutueme			uutueme
tao			tao
tadpole			tadpole
bindjunalunnari			bindjunalunnari
pimply			pimply
handariju			handariju
swallows			swallows
wdrer			wdrer
nreqtreumfpun			nreqtreumfpun
biriweiiri			biriweiiri
urom			urom
anbirijana			anbirijana
umbijad			umbijad
vudnana			vudnana
biaji			biaji
nudnjina			nudnjina
bidmirimen			bidmirimen
birei			birei
njenangen			njenangen
njadinarani			njadinarani
yurulawaurula			yurulawaurula
come			come
anrenloun			anrenloun
tliici			tliici
yown			yown
indnr			indnr
forme			forme
mariwoni			mariwoni
whenlooking			whenlooking
rubricundus			rubricundus
duiba			duiba
urumanga			urumanga
yawdjabr			yawdjabr
kxxxxxxtkextheetold			kxxxxxxtkextheetold
rmhalu			rmhalu
rocikcod			rocikcod
olsur			olsur
nespum			nespum
murwininja			murwininja
djarnadjana			djarnadjana
ulunggu			ulunggu
anbudmaramara			anbudmaramara
carry			carry
peito			peito
clianges			clianges
ninq			ninq
nadj			nadj
djanjug			djanjug
jodcu			jodcu
nsin			nsin
myrrporrny			myrrporrny
piercethrough			piercethrough
dungundewa			dungundewa
mininjowa			mininjowa
vewfnfgara			vewfnfgara
njimargarige			njimargarige
thlitsrremain			thlitsrremain
itatp			itatp
normally			normally
gumalinja			gumalinja
njandunena			njandunena
mindinariga			mindinariga
yus			yus
narunba			narunba
inerej			inerej
ots			ots
irimra			irimra
wuralun			wuralun
fissure			fissure
distance			distance
buradinarinara			buradinarinara
dinine			dinine
amart			amart
wudmare			wudmare
bumari			bumari
rofnfriq			rofnfriq
regard			regard
buganerani			buganerani
watergrass			watergrass
eker			eker
bowuliri			bowuliri
fole			fole
eereles			eereles
suluti			suluti
narijana			narijana
mariawalunanga			mariawalunanga
chiselling			chiselling
wendamindi			wendamindi
jeridj			jeridj
chiseled			chiseled
dide			dide
ninuuetu			ninuuetu
andurumanajali			andurumanajali
insides			insides
runsu			runsu
belenanga			belenanga
gudmala			gudmala
narman			narman
ngijangge			ngijangge
nandjala			nandjala
afelingiig			afelingiig
tapes			tapes
narijenj			narijenj
probalbly			probalbly
refrefp			refrefp
pel			pel
njunudaninari			njunudaninari
whitrs			whitrs
xtxa			xtxa
narumaari			narumaari
jidmindjal			jidmindjal
mornimr			mornimr
nanex			nanex
cru			cru
ousurlys			ousurlys
uetotew			uetotew
nargagara			nargagara
gurimbagurimba			gurimbagurimba
accoptable			accoptable
cunja			cunja
gumindenunu			gumindenunu
jinadjuueri			jinadjuueri
djudjudju			djudjudju
thenlater			thenlater
bunuminda			bunuminda
ganawad			ganawad
iccce			iccce
bnndi			bnndi
wulawule			wulawule
aniidmanf			aniidmanf
wedangiwa			wedangiwa
amamanulunaradalug			amamanulunaradalug
feels			feels
taboo			taboo
humane			humane
peweteun			peweteun
murumanga			murumanga
banduk			banduk
usfinding			usfinding
bimppoked			bimppoked
ajinjo			ajinjo
qusstrr			qusstrr
bamandu			bamandu
attogether			attogether
andia			andia
state			state
irguma			irguma
wodialiiali			wodialiiali
kiirixi			kiirixi
vouthey			vouthey
looling			looling
wudmangeri			wudmangeri
atafu			atafu
trackas			trackas
nadinajingana			nadinajingana
banjirimindani			banjirimindani
singev			singev
tnau			tnau
alsnuggnl			alsnuggnl
njingan			njingan
stockyard			stockyard
wundara			wundara
aminia			aminia
fipmiy			fipmiy
beneath			beneath
makinson			makinson
madmaramaranarugu			madmaramaranarugu
gandjula			gandjula
rurburubuwere			rurburubuwere
njariwangania			njariwangania
side			side
sutuonem			sutuonem
rung			rung
wawi			wawi
setis			setis
njajana			njajana
djanjulgu			djanjulgu
langadnari			langadnari
guninl			guninl
teahim			teahim
ster			ster
soepen			soepen
pelting			pelting
ajuwari			ajuwari
efpiu			efpiu
methin			methin
ofud			ofud
gulinbalu			gulinbalu
lihtning			lihtning
vunu			vunu
bukukulu			bukukulu
can			can
wuranda			wuranda
wija			wija
wall			wall
travell			travell
jima			jima
thedream			thedream
placeor			placeor
theins			theins
iobobi			iobobi
midjilani			midjilani
wundi			wundi
lsiiri			lsiiri
joibi			joibi
bearded			bearded
mglnana			mglnana
nigo			nigo
walayani			walayani
flowered			flowered
pimht			pimht
rabu			rabu
bally			bally
mindenari			mindenari
djeji			djeji
carnving			carnving
idjelan			idjelan
derby			derby
gulagarararingen			gulagarararingen
eeueueuet			eeueueuet
sutios			sutios
njombano			njombano
gumi			gumi
burieme			burieme
lbe			lbe
margo			margo
walis			walis
magiciam			magiciam
karanara			karanara
wucat			wucat
hutal			hutal
femd			femd
gew			gew
spers			spers
warera			warera
gajwa			gajwa
painging			painging
gadbunana			gadbunana
awnne			awnne
whcil			whcil
irangainli			irangainli
ier			ier
raimbow			raimbow
baxiti			baxiti
govalawaln			govalawaln
suwonbongari			suwonbongari
mawirijalunga			mawirijalunga
lrsne			lrsne
qeean			qeean
kowledgeable			kowledgeable
region			region
jalin			jalin
reamin			reamin
stuck			stuck
unefu			unefu
uanudjondi			uanudjondi
tonhihed			tonhihed
mangerinari			mangerinari
lbush			lbush
orphan			orphan
hepucaleng			hepucaleng
ayyh			ayyh
signaled			signaled
gudugu			gudugu
mini			mini
blacks			blacks
bulgaraba			bulgaraba
spefp			spefp
kala			kala
buraranu			buraranu
iregnoritin			iregnoritin
inted			inted
morni			morni
yoor			yoor
rudi			rudi
havvns			havvns
appe			appe
dunbejnawari			dunbejnawari
anjandu			anjandu
tetretnue			tetretnue
murunarincanu			murunarincanu
binibila			binibila
ulnbu			ulnbu
salhed			salhed
opear			opear
rupert			rupert
njinjinja			njinjinja
aaeo			aaeo
tinat			tinat
xusn			xusn
withregard			withregard
mirinjiri			mirinjiri
moither			moither
fert			fert
walamnbarana			walamnbarana
laniwe			laniwe
mniri			mniri
pateo			pateo
hrah			hrah
calewun			calewun
wagumade			wagumade
danoe			danoe
jinmaro			jinmaro
ridmin			ridmin
climbs			climbs
themright			themright
fthetwas			fthetwas
yonwicane			yonwicane
kainirou			kainirou
munudmunud			munudmunud
fellowthen			fellowthen
peato			peato
celadji			celadji
aput			aput
probablu			probablu
kmoe			kmoe
muina			muina
interoourse			interoourse
njidmanarinja			njidmanarinja
brenganari			brenganari
fblunt			fblunt
artist			artist
send			send
unbroken			unbroken
dall			dall
gumbawanuru			gumbawanuru
lidi			lidi
smole			smole
njincjo			njincjo
coulnit			coulnit
deg			deg
njimindealu			njimindealu
iinine			iinine
injinju			injinju
shirg			shirg
werijawan			werijawan
rtor			rtor
hutie			hutie
enger			enger
iror			iror
uiop			uiop
woro			woro
epue			epue
lisard			lisard
cepa			cepa
ecturning			ecturning
nuperiiali			nuperiiali
wudugul			wudugul
potliitg			potliitg
expect			expect
mighinr			mighinr
nawin			nawin
crouched			crouched
balbal			balbal
bidjuwarta			bidjuwarta
cfuo			cfuo
awanbanaril			awanbanaril
irepero			irepero
kxaex			kxaex
ofuns			ofuns
herseny			herseny
galumuna			galumuna
ols			ols
njinwajiri			njinwajiri
whitegum			whitegum
bunswt			bunswt
lnjbiru			lnjbiru
wudmanjineri			wudmanjineri
wundugu			wundugu
wntohing			wntohing
wiill			wiill
daldjo			daldjo
walguwa			walguwa
umareriwalunari			umareriwalunari
cheoked			cheoked
fpue			fpue
anbt			anbt
snealcing			snealcing
suldjs			suldjs
biriweni			biriweni
melbaraj			melbaraj
encircle			encircle
ujenangd			ujenangd
vanished			vanished
nuu			nuu
pou			pou
wubudecaoni			wubudecaoni
tqte			tqte
tiim			tiim
theseytose			theseytose
lanularu			lanularu
munumaneri			munumaneri
othersfir			othersfir
hlardlin			hlardlin
awani			awani
wmulr			wmulr
aniirwini			aniirwini
djamalngga			djamalngga
ttfueuetin			ttfueuetin
njingumn			njingumn
wunagunanga			wunagunanga
willahe			willahe
ljunjeri			ljunjeri
btcncwud			btcncwud
budmaniarugu			budmaniarugu
reserved			reserved
uutfpri			uutfpri
crcor			crcor
arooc			arooc
vex			vex
puertmnih			puertmnih
rrhen			rrhen
banja			banja
bungbung			bungbung
njuwandali			njuwandali
irimnanja			irimnanja
dlanc			dlanc
theyeallit			theyeallit
dofrres			dofrres
rean			rean
cancra			cancra
anme			anme
medioine			medioine
anjidmanananja			anjidmanananja
ilaila			ilaila
thenwould			thenwould
wuirdugu			wuirdugu
burembularu			burembularu
singng			singng
dirjendugar			dirjendugar
bariganina			bariganina
lej			lej
majanari			majanari
upto			upto
biiinga			biiinga
hav			hav
malces			malces
intention			intention
hauig			hauig
delay			delay
niimeranje			niimeranje
airalso			airalso
vutupufu			vutupufu
ningule			ningule
celbarana			celbarana
mnila			mnila
sank			sank
bineteas			bineteas
aticke			aticke
lresitlai			lresitlai
djadandiu			djadandiu
vaidj			vaidj
exhaustion			exhaustion
frogs			frogs
dadadad			dadadad
sole			sole
bilaga			bilaga
butfp			butfp
ginana			ginana
waliwa			waliwa
yonk			yonk
senavaled			senavaled
theuseth			theuseth
rambadga			rambadga
serenel			serenel
chairman			chairman
ororr			ororr
mnrpeney			mnrpeney
gajara			gajara
tupurumu			tupurumu
radar			radar
njan			njan
lovrne			lovrne
eokuckubarra			eokuckubarra
aunbudmenunc			aunbudmenunc
daliwan			daliwan
walandi			walandi
thismone			thismone
amenanga			amenanga
aminjele			aminjele
ritea			ritea
ofraq			ofraq
burwinjiri			burwinjiri
niadniinana			niadniinana
bajaj			bajaj
baiarce			baiarce
atuuthat			atuuthat
djuna			djuna
aneay			aneay
minarelanjiri			minarelanjiri
tuass			tuass
dowrwind			dowrwind
buderindu			buderindu
irenjinja			irenjinja
notiing			notiing
becau			becau
gaj			gaj
ahseseinee			ahseseinee
shape			shape
munoni			munoni
tfutmap			tfutmap
itf			itf
nangumenanga			nangumenanga
handy			handy
nswlne			nswlne
glube			glube
prou			prou
policonon			policonon
undjamada			undjamada
aasaid			aasaid
nuti			nuti
mirimang			mirimang
pais			pais
tvrvij			tvrvij
wulemindjiniri			wulemindjiniri
nundumandaniri			nundumandaniri
inuno			inuno
whilc			whilc
moo			moo
gnari			gnari
njarinjinari			njarinjinari
axguainted			axguainted
niodinji			niodinji
gurinanga			gurinanga
tna			tna
vthi			vthi
belu			belu
wuranmbudu			wuranmbudu
rsonythin			rsonythin
plteking			plteking
gamandamanda			gamandamanda
stickine			stickine
toi			toi
festeu			festeu
lomerrg			lomerrg
neares			neares
suggeet			suggeet
ftfu			ftfu
oontinue			oontinue
margirigiri			margirigiri
brilgi			brilgi
mooed			mooed
wololawa			wololawa
twitch			twitch
andjulu			andjulu
eyo			eyo
geijila			geijila
remembering			remembering
buduludi			buduludi
penisthere			penisthere
hutning			hutning
ngadmari			ngadmari
comeying			comeying
checkon			checkon
njawal			njawal
manularuna			manularuna
weja			weja
eanda			eanda
ctoj			ctoj
erofu			erofu
plupit			plupit
hwads			hwads
djungunali			djungunali
budmansinga			budmansinga
drad			drad
manjirwun			manjirwun
gumbunn			gumbunn
rinvbe			rinvbe
teefp			teefp
meheacu			meheacu
chorlie			chorlie
lergn			lergn
linti			linti
wadswa			wadswa
unelanjiri			unelanjiri
mbir			mbir
angerinari			angerinari
minamura			minamura
budmoraspa			budmoraspa
stan			stan
thenhere			thenhere
wisaom			wisaom
ass			ass
niangan			niangan
nextday			nextday
footed			footed
andoninaridi			andoninaridi
monerinari			monerinari
buranreri			buranreri
onsn			onsn
wariwarimen			wariwarimen
ganbudhe			ganbudhe
npusfeq			npusfeq
biagilura			biagilura
birijamanu			birijamanu
nulnula			nulnula
njinganda			njinganda
rcoiifffures			rcoiifffures
tpurur			tpurur
walajdj			walajdj
peeu			peeu
balalonda			balalonda
kethis			kethis
eueo			eueo
vonnnri			vonnnri
bundamenja			bundamenja
gorgor			gorgor
adultery			adultery
nbia			nbia
wungurebu			wungurebu
irenjinia			irenjinia
rplrvenay			rplrvenay
dudiig			dudiig
oxly			oxly
galrunari			galrunari
buwananga			buwananga
nalandjaga			nalandjaga
uct			uct
gungjal			gungjal
bunijolu			bunijolu
odidentites			odidentites
andeltj			andeltj
feather			feather
eriga			eriga
buladngaj			buladngaj
thenthen			thenthen
sfususpnq			sfususpnq
wundulurali			wundulurali
ona			ona
coat			coat
ren			ren
doradi			doradi
ttfunqt			ttfunqt
rushos			rushos
sperrs			sperrs
munp			munp
pni			pni
alrear			alrear
likes			likes
bandj			bandj
enjerinari			enjerinari
headinan			headinan
suggest			suggest
burewiliia			burewiliia
fari			fari
djuygun			djuygun
nulid			nulid
instruoting			instruoting
njinggarunganangga			njinggarunganangga
dirty			dirty
ngoiote			ngoiote
kon			kon
njiriwaia			njiriwaia
theilie			theilie
toqsoue			toqsoue
lut			lut
wondj			wondj
eoannas			eoannas
ayzseate			ayzseate
andut			andut
heleli			heleli
weawani			weawani
otheryes			otheryes
arindji			arindji
bamara			bamara
imuna			imuna
jejo			jejo
imnerlinm			imnerlinm
take			take
callitris			callitris
uexods			uexods
baobal			baobal
itod			itod
madmanjiri			madmanjiri
sucker			sucker
balenange			balenange
biii			biii
blear			blear
intanoy			intanoy
uip			uip
moiety			moiety
sutns			sutns
lepundsshuled			lepundsshuled
geajidgai			geajidgai
conghey			conghey
alsogo			alsogo
aljowan			aljowan
yefurmg			yefurmg
scooped			scooped
land			land
eogs			eogs
windyudunt			windyudunt
epfrom			epfrom
iranji			iranji
nijamara			nijamara
lampu			lampu
cavein			cavein
thoac			thoac
budmenunja			budmenunja
vinigara			vinigara
tetfeutmpurq			tetfeutmpurq
rudl			rudl
walagguni			walagguni
ake			ake
jidnalan			jidnalan
slaw			slaw
jliel			jliel
inunam			inunam
lip			lip
goingnight			goingnight
apusutt			apusutt
pesumebl			pesumebl
humbug			humbug
comment			comment
pafse			pafse
thunk			thunk
baramba			baramba
njosnosd			njosnosd
aenyjamere			aenyjamere
bascep			bascep
frrotrta			frrotrta
walambara			walambara
bjabul			bjabul
njejiri			njejiri
ngadjap			ngadjap
delils			delils
marai			marai
cnba			cnba
ganbow			ganbow
guluin			guluin
nicgeri			nicgeri
sadiin			sadiin
utqnou			utqnou
burguma			burguma
srarked			srarked
wunal			wunal
owls			owls
visitors			visitors
mnono			mnono
uth			uth
manga			manga
blokez			blokez
dududuwan			dududuwan
munonenerinji			munonenerinji
ximxirxkk			ximxirxkk
mag			mag
eitet			eitet
gurgudjad			gurgudjad
jlou			jlou
ting			ting
circled			circled
aofed			aofed
munonanga			munonanga
mangewane			mangewane
ure			ure
andunulanari			andunulanari
iruluwan			iruluwan
darwadarwa			darwadarwa
irumenja			irumenja
ngte			ngte
mnake			mnake
nunq			nunq
brinn			brinn
gilngu			gilngu
burgumenarugu			burgumenarugu
iruwini			iruwini
budmareriwalu			budmareriwalu
waleo			waleo
wanguru			wanguru
ngumburi			ngumburi
dampier			dampier
djadandi			djadandi
latom			latom
oked			oked
ovens			ovens
afucuqs			afucuqs
amit			amit
phimer			phimer
road			road
carrtt			carrtt
spared			spared
daladalajwa			daladalajwa
gundale			gundale
gowaru			gowaru
enbrace			enbrace
esutot			esutot
cuestioning			cuestioning
apt			apt
amenndu			amenndu
nangaga			nangaga
toqv			toqv
uinlas			uinlas
walker			walker
brani			brani
wendjinas			wendjinas
bite			bite
mesud			mesud
aneedy			aneedy
tokm			tokm
somnse			somnse
mikijali			mikijali
langami			langami
rpron			rpron
cante			cante
bonsy			bonsy
potind			potind
rimanlite			rimanlite
wuredja			wuredja
siilky			siilky
bend			bend
uftueut			uftueut
watcher			watcher
deliurumara			deliurumara
digmr			digmr
andebunbalu			andebunbalu
leaow			leaow
edamhara			edamhara
resh			resh
iwhat			iwhat
burangeriari			burangeriari
ohera			ohera
uotsrouoto			uotsrouoto
strainghto			strainghto
eptnege			eptnege
nob			nob
xxar			xxar
djamban			djamban
ttat			ttat
jri			jri
ofprfu			ofprfu
lenife			lenife
djano			djano
nayo			nayo
burwoni			burwoni
werera			werera
lurwandu			lurwandu
galalag			galalag
mumananja			mumananja
ilawe			ilawe
quarte			quarte
llother			llother
enllor			enllor
loel			loel
iindr			iindr
gandagulan			gandagulan
orv			orv
wadmindan			wadmindan
agolk			agolk
galarurari			galarurari
keqa			keqa
item			item
waca			waca
gagu			gagu
ralimaro			ralimaro
ininareri			ininareri
witle			witle
erbi			erbi
bulowula			bulowula
croaked			croaked
leuve			leuve
thera			thera
gawawuleri			gawawuleri
umas			umas
aboriginal			aboriginal
lunavod			lunavod
njume			njume
windirindjal			windirindjal
walangguma			walangguma
marijimerila			marijimerila
heselves			heselves
reader			reader
nawe			nawe
iajelanjiri			iajelanjiri
university			university
huramz			huramz
waigwain			waigwain
avelnori			avelnori
manjidmananaridi			manjidmananaridi
blgbalaguru			blgbalaguru
rlywhat			rlywhat
onb			onb
gumurga			gumurga
gangan			gangan
biriwangeri			biriwangeri
thasepe			thasepe
cieaned			cieaned
ucqur			ucqur
fuepurrpr			fuepurrpr
bridge			bridge
wuin			wuin
efeuounp			efeuounp
theeeded			theeeded
uopunu			uopunu
esurfpes			esurfpes
oftit			oftit
ngamaralikla			ngamaralikla
walen			walen
njirengajenna			njirengajenna
xxxxasxntam			xxxxasxntam
wanjidaniri			wanjidaniri
bndmanalu			bndmanalu
mens			mens
bulun			bulun
nnmeunq			nnmeunq
nske			nske
mulnbuwa			mulnbuwa
whron			whron
walakanda			walakanda
wmir			wmir
udging			udging
waran			waran
burwanerinja			burwanerinja
parents			parents
hjadnjiri			hjadnjiri
mangat			mangat
bindi			bindi
dirimada			dirimada
neaked			neaked
ney			ney
surbrise			surbrise
andumani			andumani
riqu			riqu
idman			idman
junctions			junctions
phiet			phiet
tremor			tremor
bararw			bararw
njuwinnari			njuwinnari
araringen			araringen
ttepueme			ttepueme
bamanunba			bamanunba
marching			marching
banjiriwani			banjiriwani
geing			geing
musterers			musterers
ovoil			ovoil
crouches			crouches
worinariwa			worinariwa
manlandu			manlandu
malinin			malinin
pnqittninm			pnqittninm
orcr			orcr
ajorijali			ajorijali
halidjmaro			halidjmaro
anangana			anangana
certrols			certrols
shun			shun
eutfurpufu			eutfurpufu
altometh			altometh
maduru			maduru
brabragala			brabragala
themb			themb
odawo			odawo
ninja			ninja
tracked			tracked
beer			beer
badidja			badidja
naruveri			naruveri
mindan			mindan
ourrent			ourrent
activity			activity
meop			meop
itesticles			itesticles
jurutyv			jurutyv
toge			toge
wudnindani			wudnindani
nandj			nandj
afterwards			afterwards
mandyamw			mandyamw
qca			qca
burog			burog
bidaniinga			bidaniinga
bundunalunareri			bundunalunareri
anburanga			anburanga
bahdu			bahdu
wsaliinen			wsaliinen
ceking			ceking
plams			plams
hitiens			hitiens
njidjendani			njidjendani
abia			abia
mxega			mxega
balenegge			balenegge
hanjirimunde			hanjirimunde
andumaramara			andumaramara
arama			arama
gons			gons
rangreos			rangreos
wanf			wanf
gurams			gurams
affair			affair
hilla			hilla
idinall			idinall
nianenea			nianenea
terms			terms
indj			indj
linelf			linelf
brbtninu			brbtninu
collect			collect
cer			cer
wiriwa			wiriwa
kiling			kiling
two			two
tlerreptar			tlerreptar
bundanajeli			bundanajeli
hner			hner
yowidage			yowidage
jelajdj			jelajdj
concernedx			concernedx
njamalar			njamalar
unfteur			unfteur
inithe			inithe
wurula			wurula
aligatores			aligatores
rzoreainaplee			rzoreainaplee
anggeriwalu			anggeriwalu
punda			punda
awwrgulu			awwrgulu
thad			thad
majaman			majaman
ananganari			ananganari
priesthood			priesthood
ppra			ppra
njamalnr			njamalnr
lin			lin
anbune			anbune
gej			gej
djidjid			djidjid
nma			nma
manyaro			manyaro
noqy			noqy
njingumareni			njingumareni
hurried			hurried
aapi			aapi
winianu			winianu
uredjared			uredjared
atxettemx			atxettemx
sandn			sandn
idmamangulani			idmamangulani
thatitq			thatitq
rigii			rigii
inesecrgcu			inesecrgcu
cunoes			cunoes
turtlei			turtlei
djumara			djumara
ulbindarg			ulbindarg
wjingaringaleri			wjingaringaleri
faint			faint
gareru			gareru
unaririina			unaririina
njimbaridji			njimbaridji
oomingt			oomingt
buciie			buciie
lnmda			lnmda
gamandemanda			gamandemanda
lulcej			lulcej
njaringaneri			njaringaneri
thetr			thetr
investigate			investigate
eastearrds			eastearrds
gundanajeli			gundanajeli
amashing			amashing
osrod			osrod
birimarenja			birimarenja
teluopunq			teluopunq
pnna			pnna
njirininafa			njirininafa
sicht			sicht
djinos			djinos
daumhu			daumhu
amanerinari			amanerinari
njirunana			njirunana
mindendu			mindendu
ipulled			ipulled
obahpw			obahpw
ze			ze
inureu			inureu
duluwanana			duluwanana
ihoy			ihoy
tookitoff			tookitoff
inner			inner
podureo			podureo
bundurumanalu			bundurumanalu
tottf			tottf
murumere			murumere
womerss			womerss
hres			hres
bnjowarri			bnjowarri
werej			werej
pulls			pulls
lto			lto
halananda			halananda
wharilnin			wharilnin
njiriwuneri			njiriwuneri
irnmenduna			irnmenduna
bunbudna			bunbudna
njosnosana			njosnosana
riiri			riiri
tanrlne			tanrlne
canwn			canwn
rematned			rematned
attention			attention
anin			anin
rape			rape
remin			remin
wunai			wunai
nagoe			nagoe
djoba			djoba
euoupnq			euoupnq
beand			beand
theyme			theyme
djalimba			djalimba
anygpel			anygpel
wanaliri			wanaliri
awantata			awantata
cank			cank
spenred			spenred
upirotic			upirotic
whichplao			whichplao
ofureuomunq			ofureuomunq
njiriinanalu			njiriinanalu
loss			loss
gunjili			gunjili
umendu			umendu
nteftq			nteftq
ifirst			ifirst
bmedim			bmedim
bremundi			bremundi
mawingu			mawingu
eastward			eastward
fence			fence
iiyn			iiyn
upward			upward
aaew			aaew
cempeserof			cempeserof
bundoronjiri			bundoronjiri
exlore			exlore
woin			woin
overt			overt
irumanangn			irumanangn
versa			versa
liis			liis
nariwenja			nariwenja
wiil			wiil
thenwe			thenwe
flames			flames
presentiment			presentiment
atb			atb
suli			suli
fereanlisltd			fereanlisltd
randn			randn
njaianin			njaianin
njindajali			njindajali
masdind			masdind
njudinjudi			njudinjudi
history			history
wurebini			wurebini
mindajaj			mindajaj
njinininara			njinininara
fopom			fopom
uequemounq			uequemounq
orning			orning
herwhe			herwhe
finders			finders
apeyl			apeyl
sutop			sutop
snemng			snemng
banbanman			banbanman
generally			generally
unundjondali			unundjondali
iat			iat
ofutraeupnq			ofutraeupnq
djlu			djlu
njamendu			njamendu
sulugulu			sulugulu
taiee			taiee
westward			westward
poke			poke
gaiananga			gaiananga
dingangana			dingangana
align			align
tfuour			tfuour
existence			existence
lowa			lowa
onurht			onurht
ltor			ltor
umbannaridi			umbannaridi
wadagar			wadagar
hings			hings
yoy			yoy